{
  "IcoMoonType": "selection",
  "icons": [
    {
      "icon": {
        "paths": [
          "M438.857 658.286h219.429v-54.857h-73.143v-256h-65.143l-84.571 78.286 44 45.714c13.714-12 22.286-18.286 31.429-32.571h1.143v164.571h-73.143v54.857zM731.429 512c0 104-62.857 237.714-182.857 237.714s-182.857-133.714-182.857-237.714 62.857-237.714 182.857-237.714 182.857 133.714 182.857 237.714zM1024 658.286v-292.571c-80.571 0-146.286-65.714-146.286-146.286h-658.286c0 80.571-65.714 146.286-146.286 146.286v292.571c80.571 0 146.286 65.714 146.286 146.286h658.286c0-80.571 65.714-146.286 146.286-146.286zM1097.143 182.857v658.286c0 20-16.571 36.571-36.571 36.571h-1024c-20 0-36.571-16.571-36.571-36.571v-658.286c0-20 16.571-36.571 36.571-36.571h1024c20 0 36.571 16.571 36.571 36.571z"
        ],
        "attrs": [
          {}
        ],
        "width": 1097,
        "isMulticolor": false,
        "isMulticolor2": false,
        "tags": [
          "money"
        ],
        "grid": 14
      },
      "attrs": [
        {}
      ],
      "properties": {
        "order": 1,
        "id": 1,
        "prevSize": 28,
        "code": 59648,
        "name": "sso-donatenow"
      },
      "setIdx": 0,
      "setId": 4,
      "iconIdx": 0
    },
    {
      "icon": {
        "paths": [
          "M947.2 1024h-921.6c-14.138 0-25.6-11.461-25.6-25.6v-512c0-14.138 11.462-25.6 25.6-25.6h921.6c14.139 0 25.6 11.462 25.6 25.6v512c0 14.139-11.461 25.6-25.6 25.6zM51.2 972.8h870.4v-460.8h-870.4v460.8z",
          "M588.8 716.8h-179.2v-51.2h179.2c14.139 0 25.6-11.461 25.6-25.6s-11.461-25.6-25.6-25.6h-76.8v-25.6c0-14.139-11.462-25.6-25.6-25.6s-25.6 11.461-25.6 25.6v25.6h-76.8c-14.138 0-25.6 11.461-25.6 25.6v102.4c0 14.139 11.462 25.6 25.6 25.6h179.2v51.2h-179.2c-14.138 0-25.6 11.461-25.6 25.6s11.462 25.6 25.6 25.6h76.8v25.6c0 14.139 11.462 25.6 25.6 25.6s25.6-11.461 25.6-25.6v-25.6h76.8c14.139 0 25.6-11.461 25.6-25.6v-102.4c0-14.139-11.461-25.6-25.6-25.6z",
          "M896 409.6h-819.2c-14.138 0-25.6-11.462-25.6-25.6s11.462-25.6 25.6-25.6h819.2c14.139 0 25.6 11.462 25.6 25.6s-11.461 25.6-25.6 25.6z",
          "M844.8 307.2h-716.8c-14.138 0-25.6-11.462-25.6-25.6s11.462-25.6 25.6-25.6h716.8c14.139 0 25.6 11.462 25.6 25.6s-11.461 25.6-25.6 25.6z"
        ],
        "attrs": [],
        "isMulticolor": false,
        "isMulticolor2": false,
        "tags": [
          "cash",
          "money",
          "payment"
        ],
        "defaultCode": 59011,
        "grid": 20
      },
      "attrs": [],
      "properties": {
        "id": 132,
        "order": 4,
        "prevSize": 20,
        "code": 59011,
        "name": "sso-donation-pages"
      },
      "setIdx": 1,
      "setId": 3,
      "iconIdx": 131
    },
    {
      "icon": {
        "paths": [
          "M435.2 1024c-116.246 0-225.534-45.269-307.733-127.467s-127.467-191.488-127.467-307.733c0-116.246 45.269-225.534 127.467-307.733s191.486-127.467 307.733-127.467c14.138 0 25.6 11.462 25.6 25.6v384h384c14.139 0 25.6 11.461 25.6 25.6 0 116.245-45.269 225.534-127.467 307.733s-191.488 127.467-307.733 127.467zM409.6 205.643c-199.842 13.226-358.4 180.026-358.4 383.157 0 211.739 172.262 384 384 384 203.131 0 369.931-158.558 383.157-358.4h-383.157c-14.138 0-25.6-11.461-25.6-25.6v-383.157z",
          "M947.2 512h-409.6c-14.139 0-25.6-11.462-25.6-25.6v-409.6c0-14.138 11.461-25.6 25.6-25.6 116.245 0 225.534 45.269 307.733 127.467s127.467 191.486 127.467 307.733c0 14.138-11.461 25.6-25.6 25.6zM563.2 460.8h357.557c-12.664-191.374-166.184-344.891-357.557-357.557v357.557z"
        ],
        "attrs": [],
        "isMulticolor": false,
        "isMulticolor2": false,
        "tags": [
          "pie-chart",
          "statistics"
        ],
        "defaultCode": 59066,
        "grid": 20
      },
      "attrs": [],
      "properties": {
        "id": 187,
        "order": 3,
        "prevSize": 20,
        "code": 59066,
        "name": "sso-dms"
      },
      "setIdx": 1,
      "setId": 3,
      "iconIdx": 186
    },
    {
      "icon": {
        "paths": [
          "M320 192c0-106.039 85.961-192 192-192s192 85.961 192 192c0 106.039-85.961 192-192 192s-192-85.961-192-192zM768.078 448h-35.424l-199.104 404.244 74.45-372.244-96-96-96 96 74.45 372.244-199.102-404.244h-35.424c-127.924 0-127.924 85.986-127.924 192v320h768v-320c0-106.014 0-192-127.922-192z"
        ],
        "isMulticolor": false,
        "isMulticolor2": false,
        "tags": [
          "user",
          "profile",
          "avatar",
          "person",
          "talk",
          "member",
          "employee",
          "job",
          "official"
        ],
        "defaultCode": 57753,
        "grid": 16,
        "attrs": []
      },
      "attrs": [],
      "properties": {
        "id": 410,
        "order": 6,
        "ligatures": "",
        "prevSize": 32,
        "code": 57753,
        "name": "product-fundraising-coach"
      },
      "setIdx": 2,
      "setId": 2,
      "iconIdx": 409
    },
    {
      "icon": {
        "paths": [
          "M0 64v896h1024v-896h-1024zM384 640v-192h256v192h-256zM640 704v192h-256v-192h256zM640 192v192h-256v-192h256zM320 192v192h-256v-192h256zM64 448h256v192h-256v-192zM704 448h256v192h-256v-192zM704 384v-192h256v192h-256zM64 704h256v192h-256v-192zM704 896v-192h256v192h-256z"
        ],
        "isMulticolor": false,
        "isMulticolor2": false,
        "tags": [
          "table",
          "wysiwyg"
        ],
        "defaultCode": 58470,
        "grid": 16,
        "attrs": []
      },
      "attrs": [],
      "properties": {
        "id": 1127,
        "order": 13,
        "ligatures": "",
        "prevSize": 32,
        "code": 58470,
        "name": "sso-disbursements"
      },
      "setIdx": 2,
      "setId": 2,
      "iconIdx": 1126
    }
  ],
  "height": 1024,
  "metadata": {
    "name": "IcoMoon---Ultimate",
    "url": "http://icomoon.io/#icons",
    "designer": "Keyamoon",
    "designerURL": "http://keyamoon.com",
    "license": "Custom",
    "licenseURL": "http://icomoon.io/#icons#license"
  },
  "preferences": {
    "showGlyphs": true,
    "showQuickUse": true,
    "showQuickUse2": true,
    "showSVGs": true,
    "fontPref": {
      "prefix": "icon-",
      "metadata": {
        "fontFamily": "IcoMoon---Ultimate",
        "fontURL": "http://icomoon.io/#icons",
        "designer": "Keyamoon",
        "designerURL": "http://keyamoon.com",
        "license": "Custom",
        "licenseURL": "http://icomoon.io/#icons#license"
      },
      "metrics": {
        "emSize": 1024,
        "baseline": 6.25
      },
      "embed": false,
      "includeMetadata": true
    },
    "imagePref": {
      "prefix": "icon-",
      "png": true,
      "useClassSelector": true,
      "color": 0,
      "bgColor": 16777215,
      "classSelector": ".icon"
    },
    "historySize": 100,
    "showCodes": true,
    "gridSize": 16
  }
}